epoch,step,test_f1,test_loss,test_precision,test_recall,test_roc_auc
50,20900,0.8033472895622253,0.36982935667037964,0.8275862336158752,0.7804877758026123,0.8901087045669556
